review_policy,category,n_order_category_pairs,n_reviewed_orders,avg_order_review,pct_low_rating
latest,security_and_services,2,2,2.5,50.0
latest,UNTRANSLATED:pc_gamer,6,6,3.33,33.33
latest,UNTRANSLATED:portateis_cozinha_e_preparadores_de_alimentos,9,9,3.33,33.33
latest,office_furniture,1224,1215,3.64,21.89
latest,audio,322,319,3.79,22.88
latest,diapers_and_hygiene,21,21,3.81,14.29
latest,fashion_male_clothing,102,101,3.82,22.77
latest,home_comfort_2,24,23,3.83,21.74
latest,home_confort,377,375,3.86,19.2
latest,fashio_female_clothing,33,33,3.88,18.18
latest,furniture_mattress_and_upholstery,37,37,3.89,18.92
latest,arts_and_craftmanship,14,14,3.93,14.29
latest,fixed_telephony,197,194,3.95,17.01
latest,party_supplies,24,24,3.96,20.83
latest,construction_tools_safety,138,137,3.98,17.52
latest,bed_bath_table,8712,8621,3.99,16.22
latest,__UNKNOWN__,1361,1351,4.0,17.76
latest,home_construction,439,437,4.0,16.93
latest,fashion_underwear_beach,116,115,4.02,16.52
latest,furniture_decor,5917,5872,4.05,15.58
latest,telephony,3846,3824,4.05,14.2
latest,signaling_and_security,122,121,4.06,13.22
latest,computers_accessories,6138,6108,4.07,14.93
latest,market_place,261,259,4.08,11.97
latest,art,177,175,4.1,13.71
latest,baby,2599,2577,4.1,14.28
latest,furniture_living_room,376,371,4.1,13.21
latest,kitchen_dining_laundry_garden_furniture,222,220,4.1,11.82
latest,construction_tools_construction,612,607,4.11,14.17
latest,watches_gifts,5104,5063,4.11,13.89
latest,christmas_supplies,115,113,4.12,11.5
latest,electronics,2402,2383,4.12,13.22
latest,agro_industry_and_commerce,163,163,4.13,12.27
latest,air_conditioning,225,221,4.13,14.03
latest,auto,3457,3440,4.13,13.37
latest,music,32,32,4.13,12.5
latest,tablets_printing_image,79,77,4.16,12.99
latest,home_appliances_2,213,212,4.17,12.26
latest,consoles_games,958,949,4.18,11.28
latest,dvds_blu_ray,55,55,4.18,14.55
latest,garden_tools,3323,3303,4.18,12.41
latest,housewares,5185,5154,4.18,12.07
latest,home_appliances,685,682,4.2,11.29
latest,construction_tools_lights,186,183,4.21,9.29
latest,health_beauty,7845,7801,4.21,11.78
latest,cool_stuff,3436,3408,4.22,11.15
latest,furniture_bedroom,80,80,4.22,12.5
latest,musical_instruments,572,566,4.22,12.37
latest,sports_leisure,7081,7038,4.22,11.55
latest,industry_commerce_and_business,220,218,4.23,10.55
latest,fashion_bags_accessories,1691,1682,4.24,10.11
latest,toys,3631,3605,4.24,11.35
latest,drinks,263,263,4.25,9.89
latest,la_cuisine,13,12,4.25,16.67
latest,perfumery,2857,2848,4.25,11.87
latest,computers,167,164,4.26,10.98
latest,fashion_shoes,231,227,4.26,11.45
latest,food,338,334,4.26,10.48
latest,pet_shop,1518,1510,4.26,10.99
latest,small_appliances,586,581,4.26,11.53
latest,stationery,2106,2094,4.27,10.51
latest,costruction_tools_garden,171,171,4.3,10.53
latest,cine_photo,55,55,4.33,12.73
latest,luggage_accessories,957,953,4.37,8.08
latest,books_technical,228,227,4.39,10.57
latest,flowers,29,28,4.39,7.14
latest,costruction_tools_tools,83,81,4.42,8.64
latest,food_drink,205,205,4.42,4.39
latest,books_imported,49,49,4.43,10.2
latest,fashion_sport,25,25,4.44,8.0
latest,small_appliances_home_oven_and_coffee,55,55,4.47,7.27
latest,books_general_interest,462,458,4.55,5.9
latest,cds_dvds_musicals,12,12,4.67,0.0
latest,fashion_childrens_clothes,7,7,5.0,0.0
earliest,security_and_services,2,2,2.5,50.0
earliest,UNTRANSLATED:pc_gamer,6,6,3.33,33.33
earliest,UNTRANSLATED:portateis_cozinha_e_preparadores_de_alimentos,9,9,3.33,33.33
earliest,office_furniture,1224,1215,3.64,22.06
earliest,audio,322,319,3.79,22.88
earliest,diapers_and_hygiene,21,21,3.81,14.29
earliest,fashion_male_clothing,102,101,3.82,22.77
earliest,home_comfort_2,24,23,3.83,21.74
earliest,home_confort,377,375,3.86,19.2
earliest,fashio_female_clothing,33,33,3.88,18.18
earliest,furniture_mattress_and_upholstery,37,37,3.89,18.92
earliest,arts_and_craftmanship,14,14,3.93,14.29
earliest,fixed_telephony,197,194,3.95,17.01
earliest,party_supplies,24,24,3.96,20.83
earliest,construction_tools_safety,138,137,3.98,17.52
earliest,bed_bath_table,8712,8621,3.99,16.19
earliest,__UNKNOWN__,1361,1351,4.0,17.76
earliest,home_construction,439,437,4.0,16.93
earliest,fashion_underwear_beach,116,115,4.02,16.52
earliest,furniture_decor,5917,5872,4.05,15.6
earliest,telephony,3846,3824,4.05,14.2
earliest,signaling_and_security,122,121,4.06,13.22
earliest,computers_accessories,6138,6108,4.07,14.91
earliest,market_place,261,259,4.08,11.97
earliest,art,177,175,4.1,13.71
earliest,baby,2599,2577,4.1,14.28
earliest,furniture_living_room,376,371,4.1,13.21
earliest,kitchen_dining_laundry_garden_furniture,222,220,4.1,11.82
earliest,construction_tools_construction,612,607,4.11,14.17
earliest,watches_gifts,5104,5063,4.11,13.89
earliest,christmas_supplies,115,113,4.12,11.5
earliest,electronics,2402,2383,4.12,13.22
earliest,agro_industry_and_commerce,163,163,4.13,12.27
earliest,air_conditioning,225,221,4.13,14.03
earliest,auto,3457,3440,4.13,13.34
earliest,music,32,32,4.13,12.5
earliest,tablets_printing_image,79,77,4.16,12.99
earliest,home_appliances_2,213,212,4.17,12.26
earliest,consoles_games,958,949,4.18,11.28
earliest,dvds_blu_ray,55,55,4.18,14.55
earliest,garden_tools,3323,3303,4.18,12.38
earliest,housewares,5185,5154,4.18,11.99
earliest,construction_tools_lights,186,183,4.21,9.29
earliest,health_beauty,7845,7801,4.21,11.77
earliest,home_appliances,685,682,4.21,11.0
earliest,cool_stuff,3436,3408,4.22,11.21
earliest,furniture_bedroom,80,80,4.22,12.5
earliest,musical_instruments,572,566,4.22,12.37
earliest,sports_leisure,7081,7038,4.22,11.54
earliest,industry_commerce_and_business,220,218,4.23,10.55
earliest,fashion_bags_accessories,1691,1682,4.24,10.17
earliest,toys,3631,3605,4.24,11.32
earliest,drinks,263,263,4.25,9.89
earliest,la_cuisine,13,12,4.25,16.67
earliest,perfumery,2857,2848,4.25,11.9
earliest,computers,167,164,4.26,10.98
earliest,food,338,334,4.26,10.48
earliest,pet_shop,1518,1510,4.26,10.99
earliest,small_appliances,586,581,4.27,11.53
earliest,stationery,2106,2094,4.27,10.55
earliest,fashion_shoes,231,227,4.28,11.01
earliest,costruction_tools_garden,171,171,4.3,10.53
earliest,cine_photo,55,55,4.33,12.73
earliest,luggage_accessories,957,953,4.37,8.08
earliest,books_technical,228,227,4.39,10.57
earliest,flowers,29,28,4.39,7.14
earliest,costruction_tools_tools,83,81,4.42,8.64
earliest,food_drink,205,205,4.42,4.39
earliest,books_imported,49,49,4.43,10.2
earliest,fashion_sport,25,25,4.44,8.0
earliest,small_appliances_home_oven_and_coffee,55,55,4.47,7.27
earliest,books_general_interest,462,458,4.55,5.9
earliest,cds_dvds_musicals,12,12,4.67,0.0
earliest,fashion_childrens_clothes,7,7,5.0,0.0
order_mean,security_and_services,2,2,2.5,50.0
order_mean,UNTRANSLATED:pc_gamer,6,6,3.33,33.33
order_mean,UNTRANSLATED:portateis_cozinha_e_preparadores_de_alimentos,9,9,3.33,33.33
order_mean,office_furniture,1224,1215,3.64,21.89
order_mean,audio,322,319,3.79,22.88
order_mean,diapers_and_hygiene,21,21,3.81,14.29
order_mean,fashion_male_clothing,102,101,3.82,22.77
order_mean,home_comfort_2,24,23,3.83,21.74
order_mean,home_confort,377,375,3.86,19.2
order_mean,fashio_female_clothing,33,33,3.88,18.18
order_mean,furniture_mattress_and_upholstery,37,37,3.89,18.92
order_mean,arts_and_craftmanship,14,14,3.93,14.29
order_mean,fixed_telephony,197,194,3.95,17.01
order_mean,party_supplies,24,24,3.96,20.83
order_mean,construction_tools_safety,138,137,3.98,17.52
order_mean,bed_bath_table,8712,8621,3.99,16.08
order_mean,__UNKNOWN__,1361,1351,4.0,17.69
order_mean,home_construction,439,437,4.0,16.93
order_mean,fashion_underwear_beach,116,115,4.02,16.52
order_mean,furniture_decor,5917,5872,4.05,15.53
order_mean,telephony,3846,3824,4.05,14.2
order_mean,signaling_and_security,122,121,4.06,13.22
order_mean,computers_accessories,6138,6108,4.07,14.87
order_mean,market_place,261,259,4.08,11.97
order_mean,art,177,175,4.1,13.71
order_mean,baby,2599,2577,4.1,14.28
order_mean,furniture_living_room,376,371,4.1,13.21
order_mean,kitchen_dining_laundry_garden_furniture,222,220,4.1,11.82
order_mean,construction_tools_construction,612,607,4.11,14.17
order_mean,watches_gifts,5104,5063,4.11,13.87
order_mean,christmas_supplies,115,113,4.12,11.5
order_mean,electronics,2402,2383,4.12,13.22
order_mean,agro_industry_and_commerce,163,163,4.13,12.27
order_mean,air_conditioning,225,221,4.13,14.03
order_mean,auto,3457,3440,4.13,13.31
order_mean,music,32,32,4.13,12.5
order_mean,tablets_printing_image,79,77,4.16,12.99
order_mean,home_appliances_2,213,212,4.17,12.26
order_mean,consoles_games,958,949,4.18,11.28
order_mean,dvds_blu_ray,55,55,4.18,14.55
order_mean,garden_tools,3323,3303,4.18,12.38
order_mean,housewares,5185,5154,4.18,11.99
order_mean,construction_tools_lights,186,183,4.21,9.29
order_mean,health_beauty,7845,7801,4.21,11.74
order_mean,home_appliances,685,682,4.21,11.0
order_mean,cool_stuff,3436,3408,4.22,11.15
order_mean,furniture_bedroom,80,80,4.22,12.5
order_mean,musical_instruments,572,566,4.22,12.37
order_mean,sports_leisure,7081,7038,4.22,11.54
order_mean,industry_commerce_and_business,220,218,4.23,10.55
order_mean,fashion_bags_accessories,1691,1682,4.24,10.11
order_mean,toys,3631,3605,4.24,11.32
order_mean,drinks,263,263,4.25,9.89
order_mean,la_cuisine,13,12,4.25,16.67
order_mean,perfumery,2857,2848,4.25,11.9
order_mean,computers,167,164,4.26,10.98
order_mean,food,338,334,4.26,10.48
order_mean,pet_shop,1518,1510,4.26,10.99
order_mean,fashion_shoes,231,227,4.27,11.01
order_mean,small_appliances,586,581,4.27,11.53
order_mean,stationery,2106,2094,4.27,10.51
order_mean,costruction_tools_garden,171,171,4.3,10.53
order_mean,cine_photo,55,55,4.33,12.73
order_mean,luggage_accessories,957,953,4.37,8.08
order_mean,books_technical,228,227,4.39,10.57
order_mean,flowers,29,28,4.39,7.14
order_mean,costruction_tools_tools,83,81,4.42,8.64
order_mean,food_drink,205,205,4.42,4.39
order_mean,books_imported,49,49,4.43,10.2
order_mean,fashion_sport,25,25,4.44,8.0
order_mean,small_appliances_home_oven_and_coffee,55,55,4.47,7.27
order_mean,books_general_interest,462,458,4.55,5.9
order_mean,cds_dvds_musicals,12,12,4.67,0.0
order_mean,fashion_childrens_clothes,7,7,5.0,0.0
