purchase_date,approved,canceled,created,delivered,invoiced,processing,shipped,unavailable
2016-09-04,0,0,0,0,0,0,1,0
2016-09-05,0,1,0,0,0,0,0,0
2016-09-13,0,1,0,0,0,0,0,0
2016-09-15,0,0,0,1,0,0,0,0
2016-10-02,0,1,0,0,0,0,0,0
2016-10-03,0,1,0,7,0,0,0,0
2016-10-04,0,5,0,54,3,0,1,0
2016-10-05,0,2,0,35,2,1,4,3
2016-10-06,0,3,0,41,5,0,0,2
2016-10-07,0,2,0,38,2,0,3,1
2016-10-08,0,3,0,36,2,0,0,1
2016-10-09,0,4,0,20,1,1,0,0
2016-10-10,0,2,0,34,3,0,0,0
2016-10-22,0,1,0,0,0,0,0,0
2016-12-23,0,0,0,1,0,0,0,0
2017-01-05,0,0,0,32,0,0,0,0
2017-01-06,0,0,0,4,0,0,0,0
2017-01-07,0,0,0,4,0,0,0,0
2017-01-08,0,0,0,4,0,0,2,0
2017-01-09,0,0,0,5,0,0,0,0
2017-01-10,0,0,0,6,0,0,0,0
2017-01-11,0,1,0,10,0,1,0,0
2017-01-12,0,0,0,12,1,0,0,0
2017-01-13,0,1,0,10,0,0,1,0
2017-01-14,0,0,0,16,0,0,2,0
2017-01-15,0,0,0,14,0,0,0,0
2017-01-16,0,0,0,18,1,0,0,0
2017-01-17,0,0,0,32,0,0,0,0
2017-01-18,0,0,0,30,1,2,0,0
2017-01-19,0,0,0,29,0,0,0,0
2017-01-20,0,0,0,28,0,0,0,1
2017-01-21,0,0,0,22,0,0,2,0
2017-01-22,0,0,0,30,0,0,0,1
2017-01-23,0,0,0,36,0,1,2,0
2017-01-24,0,0,0,38,1,1,0,0
2017-01-25,0,0,0,57,0,3,2,1
2017-01-26,0,1,0,82,2,0,0,1
2017-01-27,0,0,0,59,1,0,1,1
2017-01-28,0,0,0,28,1,0,0,0
2017-01-29,0,0,0,32,0,0,3,0
2017-01-30,0,0,0,48,3,0,0,2
2017-01-31,0,0,0,64,1,1,1,3
2017-02-01,0,1,0,61,1,3,1,6
2017-02-02,0,0,0,67,0,0,1,1
2017-02-03,0,3,0,54,0,2,0,1
2017-02-04,0,0,0,64,1,0,1,1
2017-02-05,0,0,0,74,0,1,0,0
2017-02-06,1,0,0,78,1,1,0,4
2017-02-07,0,1,0,108,1,1,0,1
2017-02-08,0,1,0,83,1,0,5,5
2017-02-09,0,0,0,73,2,1,1,0
2017-02-10,0,1,0,63,0,1,1,0
2017-02-11,0,0,0,45,0,0,0,4
2017-02-12,0,1,0,61,0,1,0,1
2017-02-13,0,1,0,74,0,1,0,2
2017-02-14,0,0,0,66,1,2,2,5
2017-02-15,0,0,0,56,1,1,2,2
2017-02-16,0,2,0,49,0,1,0,3
2017-02-17,0,0,0,45,0,0,0,1
2017-02-18,0,0,0,52,0,0,0,2
2017-02-19,0,0,0,37,0,3,0,0
2017-02-20,0,1,0,59,0,2,1,0
2017-02-21,0,0,0,39,1,0,1,0
2017-02-22,0,3,0,53,0,2,3,2
2017-02-23,0,0,0,57,1,1,0,0
2017-02-24,0,0,0,60,0,1,1,2
2017-02-25,0,0,0,39,0,3,0,1
2017-02-26,0,0,0,42,0,2,1,1
2017-02-27,0,1,0,41,0,1,0,0
2017-02-28,0,1,0,53,0,1,0,0
2017-03-01,0,1,0,93,0,1,1,3
2017-03-02,0,0,0,66,0,2,0,4
2017-03-03,0,0,0,72,0,0,0,2
2017-03-04,0,2,0,69,0,3,4,2
2017-03-05,0,2,0,67,0,1,2,2
2017-03-06,0,1,0,94,0,0,4,6
2017-03-07,0,1,0,78,0,1,1,1
2017-03-08,0,1,0,73,1,2,1,1
2017-03-09,0,0,0,88,0,1,3,1
2017-03-10,0,2,0,84,0,0,2,0
2017-03-11,0,1,0,68,0,0,2,0
2017-03-12,0,1,0,63,0,0,0,0
2017-03-13,0,3,0,104,0,2,2,0
2017-03-14,0,1,0,95,0,2,1,0
2017-03-15,0,0,0,101,0,2,4,1
2017-03-16,0,1,0,100,0,1,1,0
2017-03-17,0,0,0,64,0,0,1,0
2017-03-18,0,0,0,71,0,0,2,0
2017-03-19,0,0,0,56,0,0,0,0
2017-03-20,0,4,0,113,0,0,1,1
2017-03-21,0,4,0,92,0,0,0,1
2017-03-22,0,0,0,104,0,0,1,0
2017-03-23,0,1,0,105,0,0,5,3
2017-03-24,0,1,0,75,0,0,1,2
2017-03-25,0,1,0,72,0,1,1,1
2017-03-26,0,0,0,63,1,0,0,0
2017-03-27,0,1,0,107,1,0,1,1
2017-03-28,0,3,0,96,0,1,3,0
2017-03-29,0,1,0,72,0,0,1,0
2017-03-30,0,0,0,72,0,2,0,0
2017-03-31,0,0,0,69,0,1,0,0
2017-04-01,0,0,0,66,0,0,1,1
2017-04-02,0,0,0,64,0,0,1,0
2017-04-03,0,0,0,68,0,1,3,0
2017-04-04,0,0,0,96,0,0,0,0
2017-04-05,0,0,0,93,3,0,0,0
2017-04-06,0,0,0,92,0,2,1,1
2017-04-07,0,1,0,82,0,1,1,0
2017-04-08,0,0,0,64,0,1,1,2
2017-04-09,0,2,0,68,1,0,2,0
2017-04-10,0,1,0,84,0,0,2,0
2017-04-11,0,0,0,73,2,1,1,1
2017-04-12,0,1,0,61,0,0,1,0
2017-04-13,0,0,0,60,0,0,0,0
2017-04-14,0,3,0,47,0,0,4,0
2017-04-15,0,0,0,49,0,1,2,0
2017-04-16,0,0,0,47,0,0,2,0
2017-04-17,0,1,0,58,0,0,6,0
2017-04-18,0,0,0,71,0,0,0,0
2017-04-19,0,0,0,93,0,0,4,0
2017-04-20,0,1,0,91,1,0,4,1
2017-04-21,0,1,0,66,0,0,1,0
2017-04-22,0,0,0,82,0,0,1,1
2017-04-23,0,2,0,84,1,0,0,1
2017-04-24,0,1,0,110,2,1,1,0
2017-04-25,1,0,0,106,1,0,3,0
2017-04-26,0,2,0,122,0,0,1,0
2017-04-27,0,2,0,75,1,0,2,0
2017-04-28,0,0,0,95,0,1,2,0
2017-04-29,0,0,0,70,1,0,2,1
2017-04-30,0,0,0,66,1,1,0,0
2017-05-01,0,1,0,111,2,1,2,0
2017-05-02,0,2,0,122,0,0,3,1
2017-05-03,0,1,0,101,0,0,1,0
2017-05-04,0,0,0,107,0,1,0,1
2017-05-05,0,0,0,104,2,2,2,1
2017-05-06,0,0,0,103,1,1,2,2
2017-05-07,0,0,0,102,1,3,3,2
2017-05-08,0,0,0,120,1,0,1,2
2017-05-09,0,1,0,120,1,2,1,3
2017-05-10,0,1,0,109,1,1,4,0
2017-05-11,0,0,0,124,1,0,1,0
2017-05-12,0,3,0,105,1,0,4,2
2017-05-13,0,1,0,67,1,0,4,0
2017-05-14,0,2,0,108,1,0,1,0
2017-05-15,0,1,0,149,0,1,3,3
2017-05-16,0,1,0,149,1,0,0,2
2017-05-17,0,1,0,139,0,0,1,0
2017-05-18,0,0,0,124,0,0,1,0
2017-05-19,0,0,0,140,0,3,1,0
2017-05-20,0,0,0,70,0,1,1,0
2017-05-21,0,0,0,145,0,1,2,0
2017-05-22,0,0,0,145,0,2,1,0
2017-05-23,0,1,0,120,1,2,1,0
2017-05-24,0,0,0,140,0,0,1,1
2017-05-25,0,2,0,103,0,0,1,2
2017-05-26,0,1,0,77,1,0,0,1
2017-05-27,0,3,0,77,0,1,1,1
2017-05-28,0,0,0,98,0,0,0,0
2017-05-29,0,2,0,151,0,0,6,1
2017-05-30,0,2,0,98,0,1,1,3
2017-05-31,0,3,0,118,0,0,5,3
2017-06-01,0,0,0,123,0,1,0,0
2017-06-02,0,0,0,123,1,1,1,1
2017-06-03,0,0,0,88,0,1,0,0
2017-06-04,0,0,0,99,0,0,2,1
2017-06-05,0,1,0,142,0,1,2,1
2017-06-06,0,1,0,128,2,1,2,0
2017-06-07,0,1,0,122,0,0,2,4
2017-06-08,0,0,0,134,1,0,2,0
2017-06-09,0,1,0,105,0,0,1,1
2017-06-10,0,0,0,72,3,0,1,1
2017-06-11,0,0,0,111,0,1,1,2
2017-06-12,0,0,0,121,1,0,3,1
2017-06-13,0,1,0,121,1,1,1,1
2017-06-14,0,0,0,128,0,0,2,1
2017-06-15,0,2,0,103,0,0,2,1
2017-06-16,0,2,0,94,0,0,1,0
2017-06-17,0,0,0,72,0,2,0,1
2017-06-18,0,2,0,87,0,0,1,0
2017-06-19,0,1,0,152,0,0,3,0
2017-06-20,0,1,0,90,0,0,2,1
2017-06-21,0,0,0,34,0,0,1,0
2017-06-22,0,2,0,83,0,0,3,0
2017-06-23,0,1,0,103,0,0,3,0
2017-06-24,0,0,0,74,0,0,2,0
2017-06-25,0,0,0,99,1,1,4,0
2017-06-26,0,0,0,67,1,1,3,0
2017-06-27,0,0,0,140,0,0,0,1
2017-06-28,0,0,0,117,0,1,2,0
2017-06-29,0,0,0,110,0,0,0,4
2017-06-30,0,0,0,93,0,0,0,2
2017-07-01,0,0,0,77,0,0,3,0
2017-07-02,0,2,0,102,0,0,2,2
2017-07-03,0,1,0,111,0,0,5,1
2017-07-04,0,0,0,120,0,0,3,2
2017-07-05,0,2,0,138,0,1,0,4
2017-07-06,0,0,0,140,1,1,6,6
2017-07-07,0,1,0,114,0,0,2,4
2017-07-08,0,0,0,83,0,0,0,1
2017-07-09,0,3,0,88,0,0,0,3
2017-07-10,0,0,0,140,0,0,0,3
2017-07-11,0,1,0,158,0,0,3,3
2017-07-12,0,2,0,145,0,0,2,4
2017-07-13,0,1,0,131,0,0,5,0
2017-07-14,0,0,0,148,1,0,0,0
2017-07-15,0,0,0,97,0,0,1,0
2017-07-16,0,2,0,107,0,0,4,1
2017-07-17,0,0,0,162,0,0,1,5
2017-07-18,0,0,0,188,0,0,2,2
2017-07-19,0,0,0,148,0,1,1,3
2017-07-20,0,1,0,139,0,0,1,1
2017-07-21,0,1,0,112,0,1,0,1
2017-07-22,0,0,0,87,0,1,0,0
2017-07-23,0,0,0,101,0,0,3,1
2017-07-24,0,3,0,157,0,1,0,1
2017-07-25,0,3,0,145,1,1,2,1
2017-07-26,0,2,0,117,0,1,3,1
2017-07-27,0,0,0,121,1,1,0,1
2017-07-28,0,0,0,130,1,0,1,0
2017-07-29,0,1,0,109,0,2,3,0
2017-07-30,0,0,0,114,1,0,2,0
2017-07-31,0,2,0,143,1,0,1,1
2017-08-01,0,0,0,161,1,1,2,0
2017-08-02,0,3,0,149,0,1,2,2
2017-08-03,0,2,0,144,1,0,0,1
2017-08-04,0,0,0,139,0,1,1,1
2017-08-05,0,1,0,113,1,0,0,0
2017-08-06,0,0,0,105,0,3,0,1
2017-08-07,0,0,0,157,0,0,0,0
2017-08-08,0,0,0,146,0,0,0,0
2017-08-09,0,1,0,140,0,0,1,2
2017-08-10,0,1,0,154,0,0,0,2
2017-08-11,0,1,0,133,0,2,2,3
2017-08-12,0,2,0,91,0,2,2,1
2017-08-13,0,1,0,90,0,0,1,4
2017-08-14,0,2,0,153,0,0,1,3
2017-08-15,0,0,0,186,4,1,2,1
2017-08-16,0,3,0,166,0,1,3,1
2017-08-17,0,1,0,153,1,1,0,2
2017-08-18,0,1,0,141,0,0,5,0
2017-08-19,0,1,0,106,0,0,1,0
2017-08-20,0,0,0,103,0,0,0,1
2017-08-21,0,0,0,172,1,1,3,0
2017-08-22,0,1,0,135,1,0,0,1
2017-08-23,0,0,0,111,0,0,0,1
2017-08-24,0,0,0,123,0,0,3,2
2017-08-25,0,2,0,117,0,1,3,0
2017-08-26,0,0,0,89,1,0,3,0
2017-08-27,0,0,0,115,1,1,1,1
2017-08-28,0,1,0,150,2,0,2,0
2017-08-29,0,0,0,135,0,2,0,0
2017-08-30,0,2,0,173,2,0,2,2
2017-08-31,0,1,0,143,4,0,1,0
2017-09-01,0,1,0,153,2,1,1,0
2017-09-02,0,0,0,102,0,0,2,0
2017-09-03,0,1,0,123,0,1,0,0
2017-09-04,0,0,0,147,0,0,1,2
2017-09-05,0,0,0,151,0,1,2,3
2017-09-06,0,1,0,138,0,0,1,0
2017-09-07,0,0,0,97,0,0,0,2
2017-09-08,0,1,0,111,0,1,2,1
2017-09-09,0,0,0,103,0,0,3,0
2017-09-10,0,1,0,132,2,0,0,1
2017-09-11,0,1,0,176,0,0,1,2
2017-09-12,0,2,0,200,2,0,1,1
2017-09-13,0,1,0,203,0,0,1,2
2017-09-14,0,0,0,163,0,2,1,0
2017-09-15,0,2,0,144,1,1,2,0
2017-09-16,0,2,0,125,1,0,1,0
2017-09-17,0,0,0,125,0,0,0,1
2017-09-18,0,0,0,179,0,1,3,0
2017-09-19,0,0,0,149,1,3,0,1
2017-09-20,0,0,0,158,0,3,0,2
2017-09-21,0,0,0,144,3,2,1,0
2017-09-22,0,1,0,133,0,1,1,2
2017-09-23,0,1,0,81,1,1,1,3
2017-09-24,0,2,0,112,0,0,0,4
2017-09-25,0,1,0,129,1,0,2,3
2017-09-26,0,0,0,174,0,1,4,1
2017-09-27,0,1,0,144,0,0,0,2
2017-09-28,0,1,0,140,0,1,1,0
2017-09-29,0,0,0,109,1,1,5,5
2017-09-30,0,0,0,105,2,1,1,0
2017-10-01,0,2,0,124,1,1,0,0
2017-10-02,0,0,0,140,0,0,2,1
2017-10-03,0,0,0,193,4,0,1,0
2017-10-04,0,0,0,156,0,0,1,0
2017-10-05,0,1,0,138,1,0,0,0
2017-10-06,0,1,0,124,0,0,1,4
2017-10-07,0,1,0,100,0,1,1,2
2017-10-08,0,0,0,124,0,0,0,2
2017-10-09,0,2,0,187,0,1,1,2
2017-10-10,0,2,0,175,2,1,0,5
2017-10-11,0,0,0,151,0,2,3,2
2017-10-12,0,2,0,136,0,1,1,3
2017-10-13,0,0,0,150,0,1,0,3
2017-10-14,0,1,0,114,0,0,1,0
2017-10-15,0,0,0,117,0,3,0,1
2017-10-16,0,1,0,188,1,3,2,0
2017-10-17,0,0,0,195,0,1,1,5
2017-10-18,0,0,0,176,0,0,0,3
2017-10-19,0,0,0,172,1,1,1,1
2017-10-20,0,3,0,118,0,0,1,2
2017-10-21,0,2,0,104,0,0,4,3
2017-10-22,0,1,0,152,1,0,3,1
2017-10-23,0,1,0,152,1,1,3,3
2017-10-24,0,1,0,162,1,0,0,0
2017-10-25,0,0,0,152,1,0,1,2
2017-10-26,0,1,0,140,0,0,2,1
2017-10-27,0,0,0,130,0,0,1,2
2017-10-28,0,1,0,85,0,0,1,1
2017-10-29,0,2,0,129,0,0,0,1
2017-10-30,0,1,0,138,2,3,0,5
2017-10-31,0,0,0,156,0,0,1,3
2017-11-01,0,0,0,108,1,0,0,2
2017-11-02,0,2,0,117,0,0,2,3
2017-11-03,0,0,0,138,0,0,0,5
2017-11-04,0,0,0,106,2,1,2,0
2017-11-05,0,2,0,137,0,1,2,2
2017-11-06,0,4,1,182,0,2,2,2
2017-11-07,0,0,0,154,0,2,1,3
2017-11-08,0,2,0,169,2,1,1,0
2017-11-09,0,3,0,182,1,0,3,2
2017-11-10,0,2,0,159,2,1,1,0
2017-11-11,0,1,0,152,1,0,1,4
2017-11-12,0,0,0,170,0,1,1,2
2017-11-13,0,2,0,197,2,1,0,3
2017-11-14,0,4,0,184,0,0,1,3
2017-11-15,0,3,0,176,0,1,5,1
2017-11-16,0,0,0,219,4,0,1,2
2017-11-17,0,0,0,185,1,1,2,8
2017-11-18,0,1,0,141,2,0,2,3
2017-11-19,0,0,0,157,0,0,1,0
2017-11-20,0,2,0,219,2,2,2,3
2017-11-21,0,2,0,222,1,1,0,2
2017-11-22,0,1,0,190,0,0,7,3
2017-11-23,0,2,0,268,4,0,3,6
2017-11-24,0,0,0,1147,4,3,12,10
2017-11-25,0,0,1,487,2,3,6,0
2017-11-26,0,2,0,382,0,1,4,2
2017-11-27,0,0,0,395,1,1,3,3
2017-11-28,0,1,0,372,1,1,2,3
2017-11-29,0,1,0,314,1,0,3,4
2017-11-30,0,0,0,260,1,1,2,3
2017-12-01,0,1,0,267,1,1,5,0
2017-12-02,0,0,0,212,0,1,1,2
2017-12-03,0,1,0,227,2,1,1,2
2017-12-04,0,1,0,322,1,4,3,6
2017-12-05,0,0,2,269,1,0,5,5
2017-12-06,0,1,0,269,0,0,4,6
2017-12-07,0,0,0,223,0,1,2,3
2017-12-08,0,0,0,210,1,1,3,4
2017-12-09,0,0,0,154,0,0,1,0
2017-12-10,0,1,0,184,1,1,1,2
2017-12-11,0,1,0,262,1,1,2,0
2017-12-12,0,0,0,251,0,2,5,2
2017-12-13,0,1,0,215,0,0,2,0
2017-12-14,0,0,0,195,1,0,3,1
2017-12-15,0,0,0,185,1,3,3,0
2017-12-16,0,0,0,129,0,1,1,0
2017-12-17,0,0,0,130,0,1,2,0
2017-12-18,0,0,0,205,1,0,2,1
2017-12-19,0,0,0,173,0,0,1,2
2017-12-20,0,0,0,168,0,2,1,0
2017-12-21,0,1,0,140,0,0,2,0
2017-12-22,0,0,0,108,0,1,1,1
2017-12-23,0,1,0,101,0,5,1,1
2017-12-24,0,1,0,57,0,1,0,0
2017-12-25,0,0,0,86,1,1,2,0
2017-12-26,0,0,0,165,0,3,0,0
2017-12-27,0,0,0,164,1,0,1,1
2017-12-28,0,0,0,143,0,3,0,0
2017-12-29,0,0,0,132,0,1,0,2
2017-12-30,0,0,0,96,0,0,0,1
2017-12-31,0,1,0,71,0,0,2,0
2018-01-01,0,0,0,72,0,1,0,1
2018-01-02,0,0,0,200,0,0,3,1
2018-01-03,0,1,0,219,0,1,1,3
2018-01-04,0,0,0,248,0,4,3,3
2018-01-05,0,0,0,197,0,7,5,1
2018-01-06,0,0,0,213,0,0,2,1
2018-01-07,0,0,0,192,1,0,2,1
2018-01-08,0,0,0,287,0,0,5,1
2018-01-09,0,0,0,246,1,1,3,1
2018-01-10,0,0,0,271,2,1,3,0
2018-01-11,0,0,0,260,0,2,2,2
2018-01-12,0,0,0,234,1,0,4,4
2018-01-13,0,0,0,211,1,1,3,3
2018-01-14,0,0,0,229,0,2,1,3
2018-01-15,0,0,0,300,1,3,1,2
2018-01-16,0,0,0,296,1,0,4,1
2018-01-17,0,0,0,277,2,1,2,0
2018-01-18,0,0,0,236,0,0,2,3
2018-01-19,0,0,0,225,3,2,2,3
2018-01-20,0,1,0,182,0,0,1,0
2018-01-21,0,2,0,188,1,0,4,4
2018-01-22,0,1,0,305,0,2,2,4
2018-01-23,0,2,0,256,1,0,3,0
2018-01-24,0,3,0,236,0,1,3,1
2018-01-25,0,2,0,226,0,0,4,1
2018-01-26,0,3,0,223,0,0,2,1
2018-01-27,0,3,0,150,0,0,0,0
2018-01-28,0,3,0,149,0,0,3,1
2018-01-29,0,4,0,242,0,0,0,0
2018-01-30,0,6,0,248,0,0,3,1
2018-01-31,0,3,0,251,0,0,1,1
2018-02-01,0,4,0,227,0,0,1,0
2018-02-02,0,4,0,207,0,0,1,0
2018-02-03,0,3,0,189,0,0,1,0
2018-02-04,0,1,0,197,0,2,1,0
2018-02-05,0,5,0,265,0,0,1,0
2018-02-06,0,1,0,262,1,0,3,1
2018-02-07,0,3,0,242,0,0,1,2
2018-02-08,0,4,0,225,0,0,0,1
2018-02-09,0,3,1,208,0,0,0,4
2018-02-10,0,2,0,174,0,1,0,2
2018-02-11,0,1,0,165,0,1,3,2
2018-02-12,0,1,0,214,0,0,0,3
2018-02-13,0,3,0,217,0,1,2,1
2018-02-14,0,4,0,287,1,0,2,1
2018-02-15,0,5,0,270,2,0,4,2
2018-02-16,0,0,0,210,0,1,1,2
2018-02-17,0,4,0,198,0,0,1,1
2018-02-18,0,2,0,199,0,0,1,0
2018-02-19,0,4,0,251,0,0,4,0
2018-02-20,0,3,0,283,0,0,2,1
2018-02-21,0,4,0,260,0,0,1,1
2018-02-22,0,4,0,268,0,0,6,1
2018-02-23,0,0,0,232,0,0,3,0
2018-02-24,0,1,0,188,1,0,0,1
2018-02-25,0,1,0,231,0,0,5,0
2018-02-26,0,3,0,290,0,0,3,3
2018-02-27,0,2,0,293,1,0,2,0
2018-02-28,0,1,0,303,0,0,8,1
2018-03-01,0,4,0,268,1,0,3,1
2018-03-02,0,0,0,262,0,0,3,1
2018-03-03,0,3,0,205,0,0,4,2
2018-03-04,0,0,0,228,0,0,7,1
2018-03-05,0,4,0,252,1,1,5,1
2018-03-06,0,0,0,268,1,0,2,0
2018-03-07,0,0,0,254,0,0,4,1
2018-03-08,0,1,0,227,0,0,6,0
2018-03-09,0,0,0,197,1,0,5,1
2018-03-10,0,1,0,185,1,0,5,1
2018-03-11,0,0,0,215,0,0,3,0
2018-03-12,0,0,0,228,0,1,3,0
2018-03-13,0,1,0,217,1,1,7,0
2018-03-14,0,0,0,195,0,0,3,1
2018-03-15,0,3,0,272,5,1,8,1
2018-03-16,0,0,0,242,3,2,5,0
2018-03-17,0,0,0,176,1,0,3,0
2018-03-18,0,0,0,211,0,0,4,0
2018-03-19,0,1,0,293,1,0,7,1
2018-03-20,0,2,0,292,1,0,2,0
2018-03-21,0,1,0,277,0,0,7,1
2018-03-22,0,0,0,249,1,0,4,0
2018-03-23,0,1,0,209,1,2,7,1
2018-03-24,0,0,0,163,0,0,2,0
2018-03-25,0,0,0,188,1,0,1,0
2018-03-26,0,1,0,266,1,0,3,1
2018-03-27,0,1,0,239,0,0,5,0
2018-03-28,0,1,0,210,1,0,7,1
2018-03-29,0,1,0,188,1,0,4,0
2018-03-30,0,0,0,163,0,1,1,0
2018-03-31,0,0,0,164,0,0,3,1
2018-04-01,0,0,0,201,1,0,5,0
2018-04-02,0,1,0,274,1,1,4,1
2018-04-03,0,0,0,243,1,0,2,1
2018-04-04,0,0,0,252,0,0,5,0
2018-04-05,0,0,0,261,1,0,4,0
2018-04-06,0,1,0,181,0,0,7,0
2018-04-07,0,0,0,161,0,0,3,0
2018-04-08,0,0,0,183,0,0,2,0
2018-04-09,0,0,0,250,0,0,3,0
2018-04-10,0,0,0,196,0,0,5,0
2018-04-11,0,0,0,262,1,2,9,0
2018-04-12,0,0,0,253,0,0,2,0
2018-04-13,0,3,0,197,0,1,1,0
2018-04-14,0,0,0,145,1,0,0,0
2018-04-15,0,0,0,219,0,1,3,0
2018-04-16,0,1,0,276,2,0,1,0
2018-04-17,0,1,0,258,1,0,5,1
2018-04-18,0,0,0,271,2,0,7,0
2018-04-19,0,2,0,287,0,0,3,1
2018-04-20,0,0,0,192,0,1,3,1
2018-04-21,0,0,0,154,0,0,2,0
2018-04-22,0,0,0,199,1,0,0,0
2018-04-23,0,0,0,283,0,0,2,0
2018-04-24,0,1,0,265,2,0,3,0
2018-04-25,0,1,0,279,0,0,4,0
2018-04-26,0,1,0,250,0,0,3,0
2018-04-27,0,1,0,237,0,0,4,0
2018-04-28,0,1,0,166,0,0,2,0
2018-04-29,0,1,0,168,0,0,2,0
2018-04-30,0,0,0,235,0,2,3,0
2018-05-01,0,1,0,252,0,0,2,1
2018-05-02,0,0,0,287,2,0,6,1
2018-05-03,0,0,0,300,2,0,2,1
2018-05-04,0,0,0,262,0,0,3,0
2018-05-05,0,2,0,192,0,2,1,0
2018-05-06,0,1,0,206,0,0,3,1
2018-05-07,0,2,0,363,1,2,3,1
2018-05-08,0,3,0,323,1,1,2,1
2018-05-09,0,1,0,335,1,0,5,2
2018-05-10,0,1,0,273,2,0,3,0
2018-05-11,0,0,0,244,0,0,2,1
2018-05-12,0,1,0,200,3,0,1,2
2018-05-13,0,0,0,205,0,0,1,1
2018-05-14,0,1,0,355,1,0,7,0
2018-05-15,0,1,0,348,1,1,1,0
2018-05-16,0,1,0,351,3,0,2,0
2018-05-17,0,1,0,224,1,0,1,1
2018-05-18,0,0,0,232,2,0,2,0
2018-05-19,0,1,0,137,1,0,0,0
2018-05-20,0,1,0,158,1,0,1,0
2018-05-21,0,3,0,199,2,0,0,2
2018-05-22,0,2,0,195,0,0,2,0
2018-05-23,0,0,0,132,0,0,0,0
2018-05-24,0,0,0,113,0,0,1,0
2018-05-25,0,0,0,103,0,0,0,1
2018-05-26,0,0,0,99,0,0,0,0
2018-05-27,0,0,0,100,0,0,0,0
2018-05-28,0,1,0,142,0,0,0,0
2018-05-29,0,0,0,149,0,0,0,0
2018-05-30,0,0,0,138,0,0,2,0
2018-05-31,0,0,0,132,0,0,1,0
2018-06-01,0,0,0,184,0,0,0,0
2018-06-02,0,0,0,141,0,0,1,0
2018-06-03,0,0,0,189,1,0,1,1
2018-06-04,0,0,0,222,0,0,3,0
2018-06-05,0,3,0,196,0,0,1,0
2018-06-06,0,0,0,227,0,0,0,0
2018-06-07,0,0,0,223,0,0,0,0
2018-06-08,0,0,0,195,0,0,3,0
2018-06-09,0,0,0,169,0,0,3,0
2018-06-10,0,2,0,190,0,0,1,0
2018-06-11,0,0,0,294,0,0,0,0
2018-06-12,0,0,0,244,1,0,1,0
2018-06-13,0,1,0,253,0,0,5,0
2018-06-14,0,0,0,211,0,0,1,0
2018-06-15,0,1,0,182,0,0,3,0
2018-06-16,0,0,0,162,0,0,3,0
2018-06-17,0,0,0,151,0,0,1,0
2018-06-18,0,1,0,243,0,0,2,0
2018-06-19,0,2,0,228,0,0,1,0
2018-06-20,0,1,0,216,0,0,0,0
2018-06-21,0,0,0,232,0,0,2,0
2018-06-22,0,0,0,177,1,0,1,0
2018-06-23,0,1,0,149,0,0,1,0
2018-06-24,0,1,0,198,0,0,0,0
2018-06-25,0,1,0,238,0,0,1,1
2018-06-26,0,2,0,238,0,0,2,1
2018-06-27,0,0,0,214,0,0,0,1
2018-06-28,0,1,0,239,0,0,3,0
2018-06-29,0,1,0,171,0,0,2,0
2018-06-30,0,0,0,123,0,0,1,0
2018-07-01,0,0,0,159,0,0,2,0
2018-07-02,0,2,0,193,0,0,0,0
2018-07-03,0,1,0,214,0,0,1,0
2018-07-04,0,2,0,251,0,0,3,0
2018-07-05,0,1,0,193,0,0,1,0
2018-07-06,0,0,0,120,0,0,1,0
2018-07-07,0,0,0,89,0,0,2,0
2018-07-08,0,2,0,118,0,0,2,0
2018-07-09,0,0,0,146,0,0,2,0
2018-07-10,0,0,0,129,0,0,3,2
2018-07-11,0,1,0,123,2,0,1,0
2018-07-12,0,3,0,117,0,0,1,3
2018-07-13,0,0,0,167,0,0,0,1
2018-07-14,0,2,0,142,1,0,3,0
2018-07-15,0,1,0,148,0,0,3,0
2018-07-16,0,2,0,238,2,0,3,0
2018-07-17,0,2,0,216,0,0,3,0
2018-07-18,0,1,0,302,1,0,2,1
2018-07-19,0,0,0,249,0,0,4,0
2018-07-20,0,2,0,247,0,0,0,1
2018-07-21,0,2,0,184,0,0,1,0
2018-07-22,0,1,0,213,0,0,1,0
2018-07-23,0,1,0,298,1,1,4,2
2018-07-24,0,0,0,264,2,0,4,1
2018-07-25,0,1,0,264,1,0,2,0
2018-07-26,0,2,0,244,0,0,1,0
2018-07-27,0,0,0,186,0,0,3,0
2018-07-28,0,0,0,172,1,0,2,1
2018-07-29,0,4,0,182,0,0,2,0
2018-07-30,0,4,0,278,0,0,2,4
2018-07-31,0,4,0,313,2,0,1,2
2018-08-01,0,2,0,306,0,0,2,1
2018-08-02,0,2,0,292,3,0,3,2
2018-08-03,0,2,0,308,3,0,1,0
2018-08-04,0,3,0,236,1,0,5,0
2018-08-05,0,2,0,269,3,0,2,0
2018-08-06,0,4,0,363,3,0,2,0
2018-08-07,0,9,0,353,7,0,1,0
2018-08-08,0,2,0,310,0,0,4,0
2018-08-09,0,6,0,280,2,0,1,0
2018-08-10,0,3,0,249,0,0,3,1
2018-08-11,0,0,0,185,0,0,1,2
2018-08-12,0,0,0,191,0,0,6,0
2018-08-13,0,5,0,284,0,0,3,0
2018-08-14,0,4,0,311,1,0,0,0
2018-08-15,0,5,0,282,0,0,1,0
2018-08-16,0,4,0,316,0,0,0,0
2018-08-17,0,3,0,249,0,0,5,0
2018-08-18,0,2,0,193,0,0,3,0
2018-08-19,0,0,0,204,0,0,0,0
2018-08-20,0,4,0,251,0,0,1,0
2018-08-21,0,3,0,238,0,0,1,1
2018-08-22,0,1,0,185,0,0,1,0
2018-08-23,0,2,0,142,0,0,0,0
2018-08-24,0,2,0,96,0,0,1,0
2018-08-25,0,0,0,69,0,0,0,0
2018-08-26,0,0,0,73,0,0,0,0
2018-08-27,0,1,0,66,0,0,0,0
2018-08-28,0,5,0,39,0,0,0,0
2018-08-29,0,3,0,11,0,0,0,0
2018-08-30,0,4,0,0,0,0,0,0
2018-08-31,0,1,0,0,0,0,0,0
2018-09-03,0,3,0,0,0,0,1,0
2018-09-06,0,3,0,0,0,0,0,0
2018-09-10,0,1,0,0,0,0,0,0
2018-09-11,0,1,0,0,0,0,0,0
2018-09-12,0,1,0,0,0,0,0,0
2018-09-13,0,1,0,0,0,0,0,0
2018-09-17,0,1,0,0,0,0,0,0
2018-09-20,0,1,0,0,0,0,0,0
2018-09-25,0,1,0,0,0,0,0,0
2018-09-26,0,1,0,0,0,0,0,0
2018-09-29,0,1,0,0,0,0,0,0
2018-10-01,0,1,0,0,0,0,0,0
2018-10-03,0,1,0,0,0,0,0,0
2018-10-16,0,1,0,0,0,0,0,0
2018-10-17,0,1,0,0,0,0,0,0
